Sample_ID,Chromosome,Position,Read_Depth,Quality_Score,Variant_Type
SMP_001,chr1,287121,56,22.7,Deletion
SMP_002,chr1,887109,30,72.61,SNP
SMP_003,chr2,408612,42,83.03,Deletion
SMP_004,chr3,659005,51,47.35,Insertion
SMP_005,chrX,808050,13,90.94,SNP
SMP_006,chr1,44089,98,45.15,SNP
SMP_007,chr2,259809,77,88.6,Deletion
SMP_008,chrX,160916,66,13.94,SNP
SMP_009,chrX,224370,100,78.18,Insertion
SMP_010,chr3,963805,6,94.95,Deletion
SMP_011,chr2,227144,76,36.82,Insertion
SMP_012,chr1,802180,46,73.05,Deletion
SMP_013,chr3,888032,94,63.66,Deletion
SMP_014,chrX,526386,21,91.94,Insertion
SMP_015,chr3,693830,34,36.01,Deletion
SMP_016,chrX,819922,96,47.95,Insertion
SMP_017,chr1,17462,43,39.17,Insertion
SMP_018,chr3,218730,13,58.71,Deletion
SMP_019,chr3,819210,88,13.19,Deletion
SMP_020,chr3,893437,99,29.91,SNP
SMP_021,chr2,339390,70,72.9,Deletion
SMP_022,chr2,534401,11,60.78,Insertion
SMP_023,chr2,99482,47,15.02,SNP
SMP_024,chr1,44886,8,47.84,Deletion
SMP_025,chrX,723925,88,88.24,Insertion
SMP_026,chr3,746376,63,89.52,SNP
SMP_027,chr1,210900,39,28.69,Deletion
SMP_028,chrX,885642,48,97.84,Deletion
SMP_029,chrX,641701,15,85.49,Insertion
SMP_030,chrX,393214,6,15.59,Deletion
SMP_031,chr2,518454,34,76.87,Deletion
SMP_032,chr2,512321,76,75.65,Insertion
SMP_033,chr3,628551,56,41.15,Insertion
SMP_034,chr1,605542,67,18.32,Insertion
SMP_035,chrX,20494,7,88.94,Deletion
SMP_036,chr3,585152,92,91.54,Deletion
SMP_037,chr3,956517,15,62.5,SNP
SMP_038,chr1,779864,40,42.3,Insertion
SMP_039,chr3,325530,28,80.26,Insertion
SMP_040,chr1,71481,44,51.47,Insertion
SMP_041,chr3,433300,76,83.36,Insertion
SMP_042,chr3,381420,85,29.01,Insertion
SMP_043,chrX,252007,28,14.0,Deletion
SMP_044,chr1,187000,75,87.14,Deletion
SMP_045,chr3,58109,74,68.44,SNP
SMP_046,chr3,501494,63,49.34,SNP
SMP_047,chrX,517327,17,72.67,SNP
SMP_048,chr3,312538,88,27.93,SNP
SMP_049,chrX,441046,9,84.31,Insertion
SMP_050,chr1,376635,10,16.37,Deletion
SMP_051,chr2,264348,67,74.69,SNP
SMP_052,chr3,650636,45,23.13,Insertion
SMP_053,chr1,221708,15,98.96,Insertion
SMP_054,chr3,559336,100,95.71,Deletion
SMP_055,chr1,950838,47,36.97,Insertion
SMP_056,chr3,958854,36,51.13,SNP
SMP_057,chrX,644216,58,95.88,Deletion
SMP_058,chr2,218353,97,38.36,Insertion
SMP_059,chrX,440911,43,62.86,Deletion
SMP_060,chrX,11614,77,80.7,SNP
SMP_061,chrX,823766,88,46.57,Deletion
SMP_062,chr2,949565,51,23.98,SNP
SMP_063,chr1,903043,81,57.48,Deletion
SMP_064,chr1,240758,38,49.87,Insertion
SMP_065,chr2,369132,18,96.57,Deletion
SMP_066,chr1,227388,32,54.39,Deletion
SMP_067,chr1,610294,54,42.89,SNP
SMP_068,chr1,630634,8,73.63,Deletion
SMP_069,chr1,21621,28,26.56,Deletion
SMP_070,chrX,651862,56,82.47,Insertion
SMP_071,chr1,760314,35,87.4,Deletion
SMP_072,chrX,34429,17,80.29,Insertion
SMP_073,chrX,981748,31,26.91,Deletion
SMP_074,chr2,404297,15,30.65,SNP
SMP_075,chr3,924360,12,19.84,SNP
SMP_076,chrX,206555,25,74.51,SNP
SMP_077,chrX,505872,10,11.93,Deletion
SMP_078,chr1,294978,32,46.67,Deletion
SMP_079,chr3,617267,79,41.23,SNP
SMP_080,chr3,429246,74,16.01,Insertion
SMP_081,chrX,411627,99,88.93,Insertion
SMP_082,chrX,720918,65,84.42,Deletion
SMP_083,chrX,157282,54,26.83,Deletion
SMP_084,chr1,328142,28,81.89,SNP
SMP_085,chr3,89891,10,71.56,SNP
SMP_086,chrX,25895,22,82.17,SNP
SMP_087,chr2,679723,83,55.04,Insertion
SMP_088,chrX,340967,18,90.97,SNP
SMP_089,chr2,74599,54,48.87,Insertion
SMP_090,chr3,879645,64,49.08,Insertion
SMP_091,chr1,850493,33,41.32,Insertion
SMP_092,chr3,397322,14,51.43,Insertion
SMP_093,chrX,181473,8,87.56,Insertion
SMP_094,chr1,652362,29,53.34,Insertion
SMP_095,chr2,467717,8,16.57,Deletion
SMP_096,chr2,105677,69,28.95,SNP
SMP_097,chr2,589911,88,86.26,Insertion
SMP_098,chrX,831272,83,20.05,SNP
SMP_099,chrX,503838,66,35.06,SNP
SMP_100,chr3,472381,84,22.84,SNP
